user_id,full_name,gender,age,city,signup_date
1,Ishaan Sharma,Female,25,Pune,2023-05-23
2,Krishna Sinha,Male,36,Hyderabad,2023-02-02
3,Vivaan Verma,Male,25,Chennai,2024-09-08
4,Vivaan Sinha,Male,40,Chennai,2024-03-05
5,Aarohi Bose,Female,43,Surat,2023-06-13
6,Nisha Malhotra,Female,22,Pune,2023-12-11
7,Krishna Verma,Female,21,Delhi,2023-12-19
8,Ritika Reddy,Male,41,Jaipur,2024-07-03
9,Ishaan Kulkarni,Male,35,Bangalore,2024-10-05
10,Varun Desai,Male,40,Mumbai,2023-02-16
11,Aarohi Iyer,Male,45,Pune,2023-04-14
12,Sneha Reddy,Female,38,Delhi,2023-06-16
13,Kunal Desai,Male,39,Bangalore,2024-12-19
14,Arjun Pandey,Male,35,Pune,2023-06-17
15,Meera Kulkarni,Female,38,Chennai,2023-08-13
16,Rahul Patel,Male,44,Surat,2023-11-20
17,Rohan Reddy,Male,24,Indore,2023-11-19
18,Myra Chopra,Female,38,Jaipur,2023-05-27
19,Saanvi Kapoor,Male,41,Chennai,2024-07-05
20,Saanvi Mishra,Female,36,Hyderabad,2024-01-06
21,Aarohi Kapoor,Female,20,Surat,2023-04-23
22,Reyansh Joshi,Female,37,Mumbai,2024-01-30
23,Sneha Pandey,Female,34,Bangalore,2024-07-20
24,Aarav Mehta,Female,42,Delhi,2023-04-25
25,Riya Nair,Male,32,Surat,2023-09-27
26,Dev Joshi,Male,45,Bangalore,2024-10-16
27,Dev Pandey,Male,22,Delhi,2023-06-15
28,Nikhil Agarwal,Male,37,Delhi,2024-05-15
29,Vivaan Mehta,Female,44,Bangalore,2023-09-03
30,Vihaan Shah,Male,20,Jaipur,2023-03-12
31,Nikhil Kapoor,Male,39,Jaipur,2024-07-16
32,Anaya Reddy,Female,24,Chennai,2024-12-07
33,Aadhya Iyer,Female,39,Delhi,2024-03-24
34,Harsh Bose,Male,25,Pune,2023-03-07
35,Priya Sharma,Male,36,Pune,2023-01-08
36,Arjun Patel,Male,20,Surat,2023-12-05
37,Arjun Agarwal,Male,26,Jaipur,2023-08-08
38,Nikhil Kapoor,Female,25,Jaipur,2024-02-21
39,Aadhya Mehta,Male,39,Hyderabad,2023-12-29
40,Nisha Nair,Female,45,Surat,2024-11-20
41,Krishna Patel,Female,41,Delhi,2023-04-22
42,Kiara Gupta,Male,35,Jaipur,2023-05-24
43,Nisha Joshi,Female,32,Pune,2023-03-19
44,Yash Sinha,Male,19,Chennai,2023-01-16
45,Sai Shah,Male,31,Jaipur,2024-05-07
46,Myra Kulkarni,Male,23,Hyderabad,2023-01-03
47,Sneha Reddy,Female,27,Hyderabad,2024-12-14
48,Simran Chopra,Male,24,Bangalore,2023-08-11
49,Vihaan Mishra,Male,41,Delhi,2023-02-28
50,Vihaan Mishra,Female,34,Chennai,2023-06-11
51,Vihaan Agarwal,Male,45,Ahmedabad,2023-03-12
52,Ritika Verma,Male,30,Mumbai,2024-08-06
53,Kiara Mishra,Male,37,Mumbai,2024-03-05
54,Aman Mishra,Female,26,Pune,2024-11-16
55,Rahul Shah,Female,30,Ahmedabad,2024-11-18
56,Shreya Bose,Female,42,Mumbai,2023-01-10
57,Meera Pandey,Male,20,Chennai,2023-08-07
58,Dev Reddy,Male,29,Mumbai,2023-09-08
59,Kunal Iyer,Male,32,Chennai,2024-12-21
60,Shreya Pandey,Male,39,Chennai,2023-11-03
61,Krishna Kapoor,Female,21,Mumbai,2024-07-20
62,Reyansh Reddy,Female,37,Pune,2023-12-18
63,Myra Reddy,Female,26,Surat,2023-04-05
64,Nisha Reddy,Male,18,Delhi,2023-05-14
65,Saanvi Joshi,Female,35,Hyderabad,2024-07-28
66,Aarav Mehta,Male,40,Ahmedabad,2024-07-12
67,Aditya Desai,Male,31,Ahmedabad,2023-02-12
68,Shreya Desai,Male,29,Pune,2024-11-29
69,Kiara Mehta,Female,42,Chennai,2024-02-21
70,Varun Kapoor,Male,45,Ahmedabad,2023-07-01
71,Pooja Sharma,Male,41,Delhi,2024-02-26
72,Kiara Reddy,Male,43,Mumbai,2024-01-27
73,Aditya Chopra,Male,24,Jaipur,2023-12-25
74,Shreya Shah,Male,18,Pune,2024-02-13
75,Priya Reddy,Male,42,Bangalore,2023-12-26
76,Dev Kulkarni,Female,18,Mumbai,2023-09-25
77,Diya Mishra,Female,19,Mumbai,2024-09-02
78,Nisha Desai,Female,31,Indore,2024-06-07
79,Ishaan Kulkarni,Male,26,Surat,2024-12-26
80,Nisha Sharma,Male,29,Hyderabad,2023-03-13
81,Priya Pandey,Female,39,Mumbai,2023-11-04
82,Dev Iyer,Female,28,Hyderabad,2024-12-14
83,Riya Sinha,Male,24,Hyderabad,2024-11-11
84,Sneha Joshi,Female,30,Chennai,2023-01-01
85,Shreya Iyer,Male,31,Indore,2024-09-13
86,Rahul Bose,Female,32,Pune,2024-06-07
87,Aisha Joshi,Male,27,Chennai,2024-11-10
88,Varun Malhotra,Male,44,Pune,2024-11-19
89,Shreya Shah,Male,22,Surat,2023-02-17
90,Kiara Chopra,Male,32,Hyderabad,2024-10-06
91,Tanya Gupta,Female,33,Hyderabad,2023-09-07
92,Reyansh Sharma,Male,42,Hyderabad,2023-08-13
93,Diya Agarwal,Female,19,Chennai,2023-09-13
94,Ishaan Bose,Male,43,Jaipur,2024-11-14
95,Harsh Sinha,Female,42,Jaipur,2024-09-19
96,Dev Nair,Female,23,Jaipur,2024-04-05
97,Saanvi Shah,Female,42,Chennai,2024-05-11
98,Kiara Reddy,Female,20,Bangalore,2023-08-29
99,Pari Malhotra,Female,35,Mumbai,2023-05-22
100,Reyansh Shah,Female,40,Ahmedabad,2024-12-24
